Country;nombre de conflit;Année
Angola;2;1970
Cambodia;1;1970
Chad;1;1970
Colombia;1;1970
Egypt;1;1970
Ethiopia;1;1970
Guatemala;2;1970
Guinea-Bissau;1;1970
India;1;1970
Iraq;1;1970
Israel;3;1970
Laos;1;1970
Mozambique;1;1970
Myanmar (Burma);10;1970
Nigeria;1;1970
Oman;1;1970
Philippines;2;1970
South Africa;1;1970
South Vietnam, Vietnam (North Vietnam);1;1970
Sudan;1;1970
Yemen (North Yemen);1;1970
Angola;2;1971
Cambodia;1;1971
Chad;2;1971
Colombia;1;1971
Ethiopia;1;1971
Guatemala;2;1971
Guinea-Bissau;1;1971
India;1;1971
India, Pakistan;1;1971
Israel;2;1971
Laos;1;1971
Madagascar (Malagasy);1;1971
Morocco;1;1971
Mozambique;1;1971
Myanmar (Burma);6;1971
Oman;1;1971
Pakistan;1;1971
Philippines;2;1971
South Africa;1;1971
South Vietnam, Vietnam (North Vietnam);1;1971
Sri Lanka;1;1971
Sudan;2;1971
Uganda;1;1971
United Kingdom;1;1971
Angola;2;1972
Cambodia;1;1972
Chad;1;1972
Colombia;1;1972
El Salvador;1;1972
Ethiopia;1;1972
Guatemala;2;1972
Guinea-Bissau;1;1972
Israel;2;1972
Laos;1;1972
Mozambique;1;1972
Myanmar (Burma);7;1972
Oman;1;1972
Philippines;2;1972
South Africa;1;1972
South Vietnam, Vietnam (North Vietnam);1;1972
South Yemen, Yemen (North Yemen);1;1972
Sudan;1;1972
Uganda;1;1972
United Kingdom;1;1972
Uruguay;1;1972
Angola;2;1973
Cambodia;1;1973
Chile;1;1973
Colombia;1;1973
Egypt, Israel;1;1973
Ethiopia;2;1973
Guatemala;2;1973
Guinea-Bissau;1;1973
Iraq;1;1973
Israel;2;1973
Israel, Syria;1;1973
Laos;1;1973
Mozambique;1;1973
Myanmar (Burma);8;1973
Oman;1;1973
Philippines;2;1973
South Africa;1;1973
South Vietnam, Vietnam (North Vietnam);1;1973
United Kingdom;1;1973
Zimbabwe (Rhodesia);2;1973
Angola;2;1974
Argentina;1;1974
Cambodia;1;1974
China, Vietnam (North Vietnam);1;1974
Colombia;1;1974
Cyprus, Turkey;1;1974
Ethiopia;1;1974
Guatemala;2;1974
Iran, Iraq;1;1974
Iraq;1;1974
Israel;2;1974
Malaysia;1;1974
Mozambique;1;1974
Myanmar (Burma);6;1974
Oman;1;1974
Pakistan;1;1974
Philippines;2;1974
South Africa;1;1974
South Vietnam, Vietnam (North Vietnam);1;1974
Thailand;1;1974
Uganda;1;1974
United Kingdom;1;1974
Zimbabwe (Rhodesia);2;1974
Angola;2;1975
Argentina;2;1975
Bangladesh;1;1975
Cambodia;1;1975
Cambodia (Kampuchea), Vietnam (North Vietnam);1;1975
Colombia;1;1975
Ethiopia;3;1975
Guatemala;2;1975
Indonesia;1;1975
Iraq;1;1975
Israel;2;1975
Lebanon;1;1975
Malaysia;1;1975
Mauritania;1;1975
Morocco;1;1975
Myanmar (Burma);6;1975
Oman;1;1975
Pakistan;1;1975
Philippines;2;1975
South Africa;1;1975
South Vietnam, Vietnam (North Vietnam);1;1975
Thailand;1;1975
United Kingdom;1;1975
Zimbabwe (Rhodesia);1;1975
Angola;2;1976
Argentina;2;1976
Bangladesh;1;1976
Cambodia (Kampuchea), Vietnam (North Vietnam);1;1976
Chad;1;1976
Colombia;1;1976
Ethiopia;6;1976
Guatemala;2;1976
Indonesia;2;1976
Iraq;1;1976
Israel;2;1976
Lebanon;2;1976
Mauritania;1;1976
Morocco;1;1976
Myanmar (Burma);7;1976
Pakistan;1;1976
Philippines;2;1976
South Africa;1;1976
Sudan;1;1976
Thailand;1;1976
United Kingdom;1;1976
Zimbabwe (Rhodesia);2;1976
Angola;2;1977
Argentina;2;1977
Bangladesh;1;1977
Cambodia (Kampuchea), Thailand;1;1977
Cambodia (Kampuchea), Vietnam (North Vietnam);1;1977
Chad;2;1977
Colombia;1;1977
DR Congo (Zaire);1;1977
Ethiopia;7;1977
Ethiopia, Somalia;1;1977
Guatemala;2;1977
Indonesia;2;1977
Iraq;2;1977
Israel;2;1977
Mauritania;1;1977
Morocco;1;1977
Mozambique;1;1977
Myanmar (Burma);7;1977
Nicaragua;1;1977
Pakistan;1;1977
Philippines;2;1977
South Africa;1;1977
Thailand;1;1977
United Kingdom;1;1977
Zimbabwe (Rhodesia);1;1977
Afghanistan;1;1978
Angola;2;1978
Bangladesh;1;1978
Cambodia;1;1978
Cambodia (Kampuchea), Thailand;1;1978
Chad;1;1978
China, Vietnam (North Vietnam);1;1978
Colombia;2;1978
DR Congo (Zaire);1;1978
Ethiopia;7;1978
Ethiopia, Somalia;1;1978
Guatemala;2;1978
Indonesia;2;1978
Iraq;2;1978
Israel;2;1978
Mauritania;1;1978
Morocco;1;1978
Mozambique;1;1978
Myanmar (Burma);6;1978
Nicaragua;1;1978
Philippines;2;1978
South Africa;1;1978
Spain;1;1978
Tanzania, Uganda;1;1978
Thailand;1;1978
United Kingdom;1;1978
Zimbabwe (Rhodesia);1;1978
Afghanistan;1;1979
Afghanistan, Russia (Soviet Union);1;1979
Angola;2;1979
Bangladesh;1;1979
Cambodia;3;1979
Chad;2;1979
China, Vietnam (North Vietnam);1;1979
Colombia;2;1979
El Salvador;2;1979
Ethiopia;5;1979
Guatemala;3;1979
India;1;1979
Indonesia;1;1979
Iran;3;1979
Iraq;1;1979
Israel;2;1979
Morocco;1;1979
Mozambique;1;1979
Myanmar (Burma);5;1979
Nicaragua;1;1979
Philippines;2;1979
Saudi Arabia;1;1979
South Africa;1;1979
South Yemen, Yemen (North Yemen);1;1979
Spain;1;1979
Syria;1;1979
Thailand;1;1979
Uganda;3;1979
United Kingdom;1;1979
Yemen (North Yemen);1;1979
Zimbabwe (Rhodesia);1;1979
Afghanistan;6;1980
Angola;1;1980
Bangladesh;1;1980
Cambodia;2;1980
Chad;1;1980
China, Vietnam (North Vietnam);1;1980
Colombia;1;1980
El Salvador;1;1980
Ethiopia;6;1980
Ethiopia, Somalia;1;1980
Guatemala;3;1980
India;1;1980
Indonesia;1;1980
Iran;3;1980
Iran, Iraq;1;1980
Iraq;2;1980
Israel;2;1980
Liberia;1;1980
Morocco;1;1980
Mozambique;1;1980
Myanmar (Burma);5;1980
Philippines;2;1980
South Africa;1;1980
Spain;1;1980
Syria;1;1980
Thailand;1;1980
Tunisia;1;1980
Uganda;1;1980
United Kingdom;1;1980
Yemen (North Yemen);1;1980
Afghanistan;7;1981
Angola;1;1981
Bangladesh;1;1981
Cambodia;2;1981
Chad;1;1981
China, Vietnam (North Vietnam);1;1981
Colombia;2;1981
El Salvador;1;1981
Ethiopia;5;1981
Gambia;1;1981
Ghana;1;1981
Guatemala;4;1981
India;1;1981
Indonesia;2;1981
Iran;2;1981
Iran, Iraq;1;1981
Iraq;2;1981
Israel;2;1981
Malaysia;1;1981
Morocco;1;1981
Mozambique;1;1981
Myanmar (Burma);5;1981
Philippines;2;1981
South Africa;2;1981
Spain;1;1981
Syria;1;1981
Thailand;1;1981
Uganda;3;1981
United Kingdom;1;1981
Yemen (North Yemen);1;1981
Afghanistan;7;1982
Angola;1;1982
Argentina, United Kingdom;1;1982
Bangladesh;1;1982
Cambodia;3;1982
Chad;2;1982
Colombia;2;1982
El Salvador;1;1982
Ethiopia;3;1982
Guatemala;1;1982
India;2;1982
Indonesia;1;1982
Iran;2;1982
Iran, Iraq;1;1982
Iraq;3;1982
Israel;2;1982
Kenya;1;1982
Lebanon;1;1982
Morocco;1;1982
Mozambique;1;1982
Myanmar (Burma);5;1982
Nicaragua;1;1982
Peru;1;1982
Philippines;2;1982
Somalia;1;1982
South Africa;2;1982
Spain;1;1982
Syria;1;1982
Thailand;1;1982
Uganda;3;1982
United Kingdom;1;1982
Venezuela;1;1982
Yemen (North Yemen);1;1982
Afghanistan;7;1983
Angola;1;1983
Bangladesh;1;1983
Cambodia;3;1983
Chad;1;1983
Chad, Nigeria;1;1983
China, Vietnam (North Vietnam);1;1983
Colombia;2;1983
El Salvador;1;1983
Ethiopia;6;1983
Ghana;1;1983
Grenada, United States of America;1;1983
Guatemala;1;1983
India;3;1983
Indonesia;1;1983
Iran;1;1983
Iran, Iraq;1;1983
Iraq;3;1983
Israel;2;1983
Lebanon;2;1983
Morocco;1;1983
Mozambique;1;1983
Myanmar (Burma);4;1983
Nicaragua;1;1983
Peru;1;1983
Philippines;2;1983
Somalia;2;1983
South Africa;2;1983
Sudan;1;1983
Uganda;2;1983
United Kingdom;1;1983
Afghanistan;8;1984
Angola;1;1984
Bangladesh;1;1984
Cambodia;3;1984
Cameroon;1;1984
Chad;1;1984
China, Vietnam (North Vietnam);1;1984
Colombia;4;1984
El Salvador;1;1984
Ethiopia;5;1984
Guatemala;1;1984
India;3;1984
India, Pakistan;1;1984
Indonesia;2;1984
Iran;1;1984
Iran, Iraq;1;1984
Iraq;2;1984
Israel;2;1984
Lebanon;2;1984
Morocco;1;1984
Mozambique;1;1984
Myanmar (Burma);4;1984
Nicaragua;1;1984
Peru;1;1984
Philippines;2;1984
Somalia;2;1984
South Africa;1;1984
Sri Lanka;2;1984
Sudan;1;1984
Turkey;1;1984
Uganda;1;1984
United Kingdom;1;1984
Afghanistan;7;1985
Angola;1;1985
Bangladesh;1;1985
Burkina Faso, Mali;1;1985
Cambodia;3;1985
Colombia;3;1985
El Salvador;1;1985
Ethiopia;5;1985
Guatemala;1;1985
India;3;1985
Indonesia;1;1985
Iran;1;1985
Iran, Iraq;1;1985
Iraq;1;1985
Israel;2;1985
Lebanon;1;1985
Morocco;1;1985
Mozambique;1;1985
Myanmar (Burma);4;1985
Nicaragua;1;1985
Peru;1;1985
Philippines;2;1985
South Africa;2;1985
Spain;1;1985
Sri Lanka;3;1985
Sudan;1;1985
Turkey;1;1985
Uganda;1;1985
United Kingdom;1;1985
Afghanistan;7;1986
Angola;1;1986
Bangladesh;1;1986
Cambodia;3;1986
Chad;1;1986
China, Vietnam (North Vietnam);1;1986
Colombia;3;1986
El Salvador;1;1986
Ethiopia;4;1986
Guatemala;1;1986
India;3;1986
Indonesia;1;1986
Iran;2;1986
Iran, Iraq;1;1986
Iraq;2;1986
Israel;2;1986
Laos, Thailand;1;1986
Lebanon;2;1986
Morocco;1;1986
Mozambique;1;1986
Myanmar (Burma);4;1986
Nicaragua;1;1986
Peru;1;1986
Philippines;2;1986
Somalia;1;1986
South Africa;2;1986
South Yemen;1;1986
Spain;1;1986
Sri Lanka;1;1986
Sudan;1;1986
Togo;1;1986
Turkey;1;1986
Uganda;3;1986
United Kingdom;1;1986
Afghanistan;7;1987
Angola;1;1987
Bangladesh;1;1987
Burkina Faso;1;1987
Cambodia;3;1987
Chad;1;1987
Chad, Libya;1;1987
China, Vietnam (North Vietnam);1;1987
Colombia;3;1987
El Salvador;1;1987
Ethiopia;4;1987
Guatemala;1;1987
India;3;1987
India, Pakistan;1;1987
Indonesia;1;1987
Iran;2;1987
Iran, Iraq;1;1987
Iraq;3;1987
Israel;2;1987
Laos, Thailand;1;1987
Morocco;1;1987
Mozambique;1;1987
Myanmar (Burma);5;1987
Nicaragua;1;1987
Peru;1;1987
Philippines;3;1987
Somalia;1;1987
South Africa;2;1987
Spain;1;1987
Sri Lanka;1;1987
Sudan;1;1987
Suriname;1;1987
Turkey;1;1987
Uganda;3;1987
United Kingdom;1;1987
Afghanistan;7;1988
Angola;1;1988
Bangladesh;1;1988
Cambodia;3;1988
China, Vietnam (North Vietnam);1;1988
Colombia;4;1988
El Salvador;1;1988
Ethiopia;3;1988
Guatemala;1;1988
India;3;1988
Indonesia;1;1988
Iran;2;1988
Iran, Iraq;1;1988
Iraq;2;1988
Israel;2;1988
Laos, Thailand;1;1988
Morocco;1;1988
Mozambique;1;1988
Myanmar (Burma);4;1988
Nicaragua;1;1988
Peru;1;1988
Philippines;2;1988
Somalia;1;1988
South Africa;2;1988
Sri Lanka;1;1988
Sudan;1;1988
Turkey;1;1988
Uganda;3;1988
United Kingdom;1;1988
Afghanistan;5;1989
Angola;1;1989
Bangladesh;1;1989
Cambodia;3;1989
Chad;3;1989
Colombia;3;1989
Comoros;1;1989
El Salvador;1;1989
Ethiopia;4;1989
Guatemala;1;1989
Haiti;1;1989
India;2;1989
India, Pakistan;1;1989
Iraq;2;1989
Israel;2;1989
Laos;1;1989
Lebanon;2;1989
Liberia;1;1989
Morocco;1;1989
Mozambique;1;1989
Myanmar (Burma);2;1989
Nicaragua;1;1989
Panama;1;1989
United States of America;1;1989
Paraguay;1;1989
Peru;2;1989
Philippines;3;1989
Romania;2;1989
Somalia;2;1989
Sri Lanka;3;1989
Sudan;1;1989
Turkey;1;1989
Uganda;2;1989
United Kingdom;1;1989
Afghanistan;5;1990
Angola;1;1990
Bangladesh;1;1990
Cambodia;2;1990
Chad;2;1990
Colombia;3;1990
El Salvador;1;1990
Ethiopia;3;1990
Guatemala;1;1990
India;4;1990
India, Pakistan;1;1990
Indonesia;1;1990
Iran;1;1990
Iraq;2;1990
Iraq, Kuwait;1;1990
Israel;2;1990
Laos;1;1990
Lebanon;1;1990
Liberia;2;1990
Mali;1;1990
Mozambique;1;1990
Myanmar (Burma);4;1990
Nicaragua;1;1990
Pakistan;1;1990
Papua New Guinea;1;1990
Peru;2;1990
Philippines;4;1990
Russia (Soviet Union);2;1990
Rwanda;1;1990
Senegal;1;1990
Somalia;3;1990
Sri Lanka;2;1990
Sudan;1;1990
Trinidad and Tobago;1;1990
Turkey;1;1990
Uganda;2;1990
United Kingdom;1;1990
Afghanistan;4;1991
Algeria;1;1991
Angola;2;1991
Azerbaijan;1;1991
Bangladesh;1;1991
Burundi;1;1991
Cambodia;3;1991
Chad;2;1991
Colombia;2;1991
Djibouti;1;1991
El Salvador;1;1991
Ethiopia;5;1991
Georgia;1;1991
Guatemala;1;1991
Haiti;1;1991
India;3;1991
India, Pakistan;1;1991
Indonesia;1;1991
Iran;1;1991
Iraq;3;1991
Iraq, Kuwait;1;1991
Israel;2;1991
Mali;1;1991
Mozambique;1;1991
Myanmar (Burma);5;1991
Niger;1;1991
Peru;2;1991
Philippines;1;1991
Russia (Soviet Union);1;1991
Rwanda;1;1991
Serbia (Yugoslavia);3;1991
Sierra Leone;1;1991
Somalia;4;1991
Spain;1;1991
Sri Lanka;1;1991
Sudan;1;1991
Turkey;2;1991
Uganda;2;1991
United Kingdom;1;1991
Afghanistan;3;1992
Algeria;1;1992
Angola;2;1992
Azerbaijan;1;1992
Bosnia;3;1992
Burundi;1;1992
Cambodia;1;1992
Chad;4;1992
Colombia;2;1992
Croatia;2;1992
Djibouti;1;1992
Ethiopia;1;1992
Georgia;3;1992
Guatemala;1;1992
India;5;1992
India, Pakistan;1;1992
Indonesia;1;1992
Iraq;2;1992
Israel;2;1992
Moldova;1;1992
Mozambique;1;1992
Myanmar (Burma);4;1992
Niger;1;1992
Papua New Guinea;1;1992
Peru;2;1992
Philippines;1;1992
Rwanda;1;1992
Senegal;1;1992
Serbia (Yugoslavia);1;1992
Sierra Leone;1;1992
Somalia;1;1992
Sri Lanka;1;1992
Sudan;1;1992
Tajikistan;2;1992
Turkey;2;1992
Uganda;1;1992
Venezuela;1;1992
Afghanistan;3;1993
Algeria;2;1993
Angola;1;1993
Azerbaijan;2;1993
Bosnia;5;1993
Cambodia;1;1993
Chad;4;1993
Colombia;2;1993
Congo;1;1993
Croatia;1;1993
Djibouti;1;1993
Egypt;1;1993
Ethiopia;1;1993
Georgia;2;1993
Guatemala;1;1993
India;5;1993
Iran;2;1993
Iraq;1;1993
Israel;2;1993
Myanmar (Burma);1;1993
Papua New Guinea;1;1993
Peru;2;1993
Philippines;3;1993
Russia (Soviet Union);1;1993
Rwanda;1;1993
Senegal;1;1993
Sierra Leone;1;1993
Somalia;1;1993
Sri Lanka;1;1993
Sudan;1;1993
Tajikistan;1;1993
Turkey;2;1993
Afghanistan;3;1994
Algeria;2;1994
Angola;3;1994
Azerbaijan;1;1994
Bosnia;5;1994
Burundi;1;1994
Cambodia;1;1994
Chad;3;1994
Colombia;2;1994
Djibouti;1;1994
Egypt;1;1994
Ethiopia;2;1994
Guatemala;1;1994
India;6;1994
India, Pakistan;1;1994
Iraq;1;1994
Israel;2;1994
Mali;1;1994
Mexico;1;1994
Myanmar (Burma);4;1994
Niger;1;1994
Pakistan;1;1994
Papua New Guinea;1;1994
Peru;1;1994
Philippines;3;1994
Russia (Soviet Union);1;1994
Rwanda;1;1994
Sierra Leone;1;1994
Somalia;1;1994
Sri Lanka;1;1994
Sudan;1;1994
Tajikistan;1;1994
Turkey;1;1994
Uganda;1;1994
Yemen (North Yemen);1;1994
Afghanistan;4;1995
Algeria;2;1995
Angola;2;1995
Azerbaijan;1;1995
Bosnia;3;1995
Burundi;1;1995
Cambodia;1;1995
Colombia;2;1995
Croatia;1;1995
Ecuador, Peru;1;1995
Egypt;1;1995
Ethiopia;1;1995
Guatemala;1;1995
India;4;1995
Iraq;2;1995
Israel;2;1995
Myanmar (Burma);3;1995
Niger;1;1995
Pakistan;1;1995
Papua New Guinea;1;1995
Peru;1;1995
Philippines;2;1995
Russia (Soviet Union);1;1995
Senegal;1;1995
Sierra Leone;1;1995
Somalia;1;1995
Sri Lanka;1;1995
Sudan;1;1995
Tajikistan;1;1995
Turkey;1;1995
Uganda;1;1995
Afghanistan;3;1996
Algeria;2;1996
Angola;1;1996
Burundi;1;1996
Cambodia;1;1996
Cameroon, Nigeria;1;1996
Colombia;2;1996
DR Congo (Zaire);1;1996
Egypt;1;1996
Ethiopia;3;1996
India;6;1996
India, Pakistan;1;1996
Iran;1;1996
Iraq;2;1996
Israel;2;1996
Mexico;1;1996
Myanmar (Burma);3;1996
Nepal;1;1996
Pakistan;1;1996
Papua New Guinea;1;1996
Peru;1;1996
Philippines;2;1996
Russia (Soviet Union);1;1996
Rwanda;1;1996
Sierra Leone;1;1996
Somalia;1;1996
Sri Lanka;1;1996
Sudan;2;1996
Tajikistan;1;1996
Turkey;1;1996
Uganda;3;1996
Afghanistan;1;1997
Algeria;2;1997
Angola;2;1997
Azerbaijan;1;1997
Burundi;3;1997
Cambodia;3;1997
Chad;2;1997
Colombia;2;1997
Comoros;1;1997
Congo;2;1997
DR Congo (Zaire);1;1997
Egypt;1;1997
Eritrea;1;1997
India;7;1997
India, Pakistan;1;1997
Indonesia;1;1997
Iran;1;1997
Israel;1;1997
Myanmar (Burma);3;1997
Nepal;1;1997
Niger;1;1997
Peru;1;1997
Philippines;3;1997
Rwanda;1;1997
Senegal;1;1997
Sierra Leone;3;1997
Sri Lanka;1;1997
Sudan;2;1997
Tajikistan;1;1997
Turkey;1;1997
Uganda;3;1997
Afghanistan;1;1998
Algeria;1;1998
Angola;2;1998
Azerbaijan;1;1998
Burundi;3;1998
Cambodia;2;1998
Chad;1;1998
Colombia;2;1998
Congo;3;1998
DR Congo (Zaire);2;1998
Egypt;1;1998
Eritrea, Ethiopia;1;1998
Ethiopia;2;1998
Guinea-Bissau;1;1998
India;5;1998
India, Pakistan;1;1998
Indonesia;1;1998
Israel;1;1998
Lesotho;1;1998
Myanmar (Burma);2;1998
Nepal;1;1998
Peru;1;1998
Philippines;2;1998
Rwanda;1;1998
Senegal;1;1998
Serbia (Yugoslavia);1;1998
Sierra Leone;3;1998
Sri Lanka;1;1998
Sudan;2;1998
Tajikistan;2;1998
Turkey;1;1998
Uganda;2;1998
United Kingdom;1;1998
Afghanistan;1;1999
Algeria;2;1999
Angola;1;1999
Burundi;2;1999
Chad;1;1999
Colombia;2;1999
Congo;2;1999
Djibouti;1;1999
DR Congo (Zaire);2;1999
Eritrea;1;1999
Eritrea, Ethiopia;1;1999
Ethiopia;3;1999
Guinea-Bissau;1;1999
India;7;1999
India, Pakistan;1;1999
Indonesia;2;1999
Iran;1;1999
Israel;1;1999
Myanmar (Burma);1;1999
Nepal;1;1999
Peru;1;1999
Philippines;2;1999
Russia (Soviet Union);2;1999
Rwanda;1;1999
Serbia (Yugoslavia);1;1999
Sierra Leone;2;1999
Sri Lanka;1;1999
Sudan;2;1999
Turkey;1;1999
Uganda;1;1999
Uzbekistan;1;1999
Afghanistan;1;2000
Algeria;2;2000
Angola;1;2000
Burundi;2;2000
Chad;1;2000
Colombia;3;2000
DR Congo (Zaire);2;2000
Eritrea, Ethiopia;1;2000
Ethiopia;2;2000
Guinea;1;2000
India;9;2000
India, Pakistan;1;2000
Indonesia;1;2000
Iran;1;2000
Israel;2;2000
Liberia;1;2000
Myanmar (Burma);4;2000
Nepal;1;2000
Philippines;3;2000
Russia (Soviet Union);1;2000
Rwanda;1;2000
Senegal;1;2000
Sierra Leone;2;2000
Sri Lanka;1;2000
Sudan;2;2000
Tajikistan;1;2000
Turkey;2;2000
Uganda;2;2000
Uzbekistan;1;2000
Afghanistan;1;2001
Afghanistan, United Kingdom, United States of America;1;2001
Algeria;2;2001
Angola;1;2001
Burundi;2;2001
Central African Republic;1;2001
Chad;1;2001
Colombia;2;2001
DR Congo (Zaire);1;2001
Ethiopia;2;2001
Guinea;1;2001
India;6;2001
India, Pakistan;1;2001
Indonesia;1;2001
Iran;1;2001
Israel;5;2001
Liberia;1;2001
Myanmar (Burma);3;2001
Nepal;1;2001
North Macedonia;1;2001
Philippines;4;2001
Russia (Soviet Union);1;2001
Rwanda;1;2001
Senegal;1;2001
Sierra Leone;1;2001
Somalia;1;2001
Sri Lanka;1;2001
Sudan;2;2001
Turkey;1;2001
Uganda;2;2001
United States of America;1;2001
Afghanistan;1;2002
Algeria;2;2002
Angola;3;2002
Burundi;2;2002
Central African Republic;1;2002
Chad;1;2002
Colombia;2;2002
Congo;1;2002
Ethiopia;2;2002
India;6;2002
India, Pakistan;1;2002
Indonesia;1;2002
Israel;5;2002
Ivory Coast;2;2002
Liberia;1;2002
Myanmar (Burma);2;2002
Nepal;1;2002
Philippines;3;2002
Russia (Soviet Union);1;2002
Rwanda;1;2002
Somalia;1;2002
Sudan;1;2002
Turkey;1;2002
Uganda;2;2002
United States of America;1;2002
Afghanistan;2;2003
Algeria;2;2003
Angola;1;2003
Australia, Iraq, United Kingdom, United States of America;1;2003
Burundi;2;2003
Chad;1;2003
Colombia;2;2003
Eritrea;1;2003
Ethiopia;2;2003
India;7;2003
India, Pakistan;1;2003
Indonesia;1;2003
Israel;3;2003
Ivory Coast;2;2003
Liberia;2;2003
Myanmar (Burma);1;2003
Nepal;1;2003
Philippines;3;2003
Russia (Soviet Union);1;2003
Senegal;1;2003
Sri Lanka;1;2003
Sudan;3;2003
Thailand;1;2003
Turkey;1;2003
Uganda;1;2003
United States of America;1;2003
Afghanistan;1;2004
Algeria;1;2004
Angola;1;2004
Burundi;1;2004
Colombia;3;2004
Ethiopia;2;2004
Georgia;1;2004
Haiti;2;2004
India;8;2004
Indonesia;1;2004
Iraq;3;2004
Israel;3;2004
Ivory Coast;1;2004
Myanmar (Burma);1;2004
Nepal;1;2004
Nigeria;2;2004
Pakistan;1;2004
Philippines;3;2004
Russia (Soviet Union);1;2004
Sudan;3;2004
Thailand;1;2004
Turkey;1;2004
Uganda;1;2004
United States of America;1;2004
Uzbekistan;1;2004
Afghanistan;1;2005
Algeria;1;2005
Azerbaijan;1;2005
Bangladesh;2;2005
Burundi;1;2005
Chad;1;2005
Colombia;2;2005
DR Congo (Zaire);1;2005
Ethiopia;2;2005
India;4;2005
Indonesia;1;2005
Iran;1;2005
Iraq;3;2005
Israel;3;2005
Myanmar (Burma);4;2005
Nepal;1;2005
Philippines;4;2005
Russia (Soviet Union);1;2005
Sri Lanka;1;2005
Sudan;1;2005
Thailand;1;2005
Turkey;2;2005
Uganda;1;2005
United States of America;1;2005
Afghanistan;2;2006
Algeria;1;2006
Bangladesh;1;2006
Burundi;1;2006
Central African Republic;1;2006
Chad;3;2006
Colombia;2;2006
DR Congo (Zaire);1;2006
Ethiopia;2;2006
India;5;2006
Iran;2;2006
Iraq;3;2006
Israel;5;2006
Myanmar (Burma);3;2006
Nepal;1;2006
Pakistan;2;2006
Philippines;2;2006
Russia (Soviet Union);1;2006
Somalia;1;2006
Sri Lanka;1;2006
Sudan;3;2006
Thailand;1;2006
Turkey;1;2006
Uganda;1;2006
United States of America;1;2006
Afghanistan;1;2007
Algeria;1;2007
Angola;1;2007
Chad;1;2007
Colombia;1;2007
DR Congo (Zaire);2;2007
Ethiopia;2;2007
India;4;2007
Iran;2;2007
Iraq;4;2007
Israel;3;2007
Mali;1;2007
Myanmar (Burma);3;2007
Niger;1;2007
Pakistan;2;2007
Peru;1;2007
Philippines;4;2007
Russia (Soviet Union);2;2007
Somalia;1;2007
Sri Lanka;1;2007
Sudan;2;2007
Thailand;1;2007
Turkey;1;2007
Uganda;1;2007
United States of America;1;2007
Afghanistan;2;2008
Algeria;1;2008
Azerbaijan;1;2008
Burundi;1;2008
Chad;1;2008
China;1;2008
Colombia;2;2008
Djibouti, Eritrea;1;2008
DR Congo (Zaire);2;2008
Ethiopia;2;2008
Georgia;1;2008
India;6;2008
Iran;2;2008
Iraq;2;2008
Israel;2;2008
Mali;1;2008
Myanmar (Burma);2;2008
Niger;1;2008
Pakistan;3;2008
Peru;1;2008
Philippines;2;2008
Russia (Soviet Union);1;2008
Somalia;2;2008
Sri Lanka;1;2008
Sudan;3;2008
Thailand;1;2008
Turkey;1;2008
Uganda;1;2008
United States of America;1;2008
Afghanistan;2;2009
Algeria;1;2009
Angola;1;2009
Central African Republic;1;2009
Chad;1;2009
Colombia;1;2009
Ethiopia;2;2009
India;7;2009
Iran;2;2009
Iraq;1;2009
Israel;2;2009
Mali;2;2009
Myanmar (Burma);3;2009
Nigeria;1;2009
Pakistan;4;2009
Peru;1;2009
Philippines;3;2009
Russia (Soviet Union);1;2009
Rwanda;1;2009
Somalia;2;2009
Sri Lanka;1;2009
Sudan;2;2009
Thailand;1;2009
Turkey;1;2009
Uganda;1;2009
United States of America;1;2009
Yemen (North Yemen);1;2009
Afghanistan;2;2010
Algeria;1;2010
Central African Republic;1;2010
Chad;1;2010
Colombia;2;2010
Ethiopia;2;2010
India;4;2010
Iran;1;2010
Iraq;1;2010
Israel;1;2010
Mauritania;1;2010
Myanmar (Burma);3;2010
Pakistan;2;2010
Peru;1;2010
Philippines;2;2010
Russia (Soviet Union);1;2010
Rwanda;1;2010
Somalia;2;2010
Sudan;3;2010
Tajikistan;2;2010
Thailand;1;2010
Turkey;1;2010
Uganda;2;2010
United States of America;1;2010
Yemen (North Yemen);1;2010
Afghanistan;2;2011
Algeria;1;2011
Cambodia (Kampuchea), Thailand;1;2011
Central African Republic;1;2011
Colombia;1;2011
DR Congo (Zaire);1;2011
Ethiopia;2;2011
India;2;2011
Iran;1;2011
Iraq;2;2011
Israel;2;2011
Ivory Coast;2;2011
Libya;2;2011
Myanmar (Burma);5;2011
Nigeria;1;2011
Pakistan;2;2011
Philippines;3;2011
Russia (Soviet Union);1;2011
Rwanda;1;2011
Senegal;1;2011
Somalia;1;2011
South Sudan;2;2011
Sudan;7;2011
Syria;1;2011
Tajikistan;1;2011
Thailand;1;2011
Turkey;1;2011
Uganda;2;2011
United States of America;1;2011
Yemen (North Yemen);1;2011
Afghanistan;1;2012
Algeria;2;2012
Azerbaijan;1;2012
Central African Republic;1;2012
Colombia;1;2012
DR Congo (Zaire);3;2012
Ethiopia;2;2012
India;3;2012
Iraq;1;2012
Israel;2;2012
Mali;3;2012
Myanmar (Burma);1;2012
Nigeria;1;2012
Pakistan;6;2012
Philippines;3;2012
Russia (Soviet Union);1;2012
Rwanda;1;2012
Somalia;1;2012
South Sudan;1;2012
South Sudan, Sudan;1;2012
Sudan;1;2012
Syria;2;2012
Thailand;1;2012
Turkey;1;2012
United States of America;1;2012
Yemen (North Yemen);1;2012
Afghanistan;2;2013
Algeria;1;2013
Central African Republic;2;2013
Colombia;2;2013
DR Congo (Zaire);4;2013
Ethiopia;2;2013
India;3;2013
India, Pakistan;1;2013
Iraq;1;2013
Libya;1;2013
Malaysia;1;2013
Mali;4;2013
Mozambique;1;2013
Myanmar (Burma);5;2013
Nigeria;1;2013
Pakistan;3;2013
Philippines;4;2013
Russia (Soviet Union);1;2013
Somalia;1;2013
South Sudan;2;2013
Sudan;1;2013
Syria;3;2013
Thailand;1;2013
Tunisia;1;2013
Turkey;1;2013
Uganda;2;2013
United States of America;1;2013
Yemen (North Yemen);1;2013
Afghanistan;1;2014
Algeria;1;2014
Azerbaijan;1;2014
Burundi;1;2014
Central African Republic;1;2014
Colombia;1;2014
DR Congo (Zaire);3;2014
Egypt;1;2014
Ethiopia;1;2014
India;4;2014
India, Pakistan;1;2014
Iraq;1;2014
Israel;2;2014
Lebanon;1;2014
Libya;2;2014
Mali;3;2014
Mozambique;1;2014
Myanmar (Burma);3;2014
Nigeria;1;2014
Pakistan;6;2014
Philippines;3;2014
Russia (Soviet Union);1;2014
Somalia;1;2014
South Sudan;1;2014
Sudan;3;2014
Syria;3;2014
Thailand;1;2014
Tunisia;1;2014
Uganda;2;2014
Ukraine;4;2014
United States of America;1;2014
Yemen (North Yemen);2;2014
Afghanistan;2;2015
Algeria;2;2015
Azerbaijan;1;2015
Burundi;3;2015
Cameroon;2;2015
Central African Republic;1;2015
Chad;1;2015
Colombia;2;2015
Egypt;1;2015
Ethiopia;2;2015
India;3;2015
India, Pakistan;1;2015
Iraq;1;2015
Kenya;1;2015
Lebanon;1;2015
Libya;2;2015
Mali;4;2015
Myanmar (Burma);4;2015
Niger;1;2015
Nigeria;2;2015
Pakistan;4;2015
Philippines;4;2015
Russia (Soviet Union);2;2015
Somalia;1;2015
South Sudan;1;2015
Sudan;3;2015
Syria;3;2015
Thailand;1;2015
Tunisia;2;2015
Turkey;2;2015
Uganda;1;2015
Ukraine;3;2015
United States of America;1;2015
Yemen (North Yemen);4;2015
Afghanistan;2;2016
Algeria;1;2016
Angola;1;2016
Azerbaijan;1;2016
Bangladesh;1;2016
Cameroon;2;2016
Colombia;1;2016
Congo;1;2016
DR Congo (Zaire);2;2016
Egypt;1;2016
Eritrea, Ethiopia;1;2016
Ethiopia;2;2016
India;3;2016
India, Pakistan;1;2016
Iran;1;2016
Iraq;1;2016
Jordan;1;2016
Kenya;1;2016
Libya;1;2016
Mali;2;2016
Mozambique;1;2016
Myanmar (Burma);2;2016
Niger;1;2016
Nigeria;2;2016
Pakistan;4;2016
Philippines;6;2016
Russia (Soviet Union);1;2016
Rwanda;1;2016
Somalia;1;2016
South Sudan;1;2016
Sudan;2;2016
Syria;3;2016
Thailand;1;2016
Tunisia;1;2016
Turkey;4;2016
Uganda;1;2016
Ukraine;2;2016
United States of America;1;2016
Yemen (North Yemen);2;2016
Afghanistan;2;2017
Algeria;1;2017
Angola;1;2017
Azerbaijan;1;2017
Bangladesh;1;2017
Cameroon;2;2017
Central African Republic;1;2017
Chad;1;2017
DR Congo (Zaire);5;2017
Egypt;3;2017
India;3;2017
India, Pakistan;1;2017
Iran;1;2017
Iraq;1;2017
Kenya;1;2017
Lebanon;1;2017
Libya;4;2017
Mali;3;2017
Myanmar (Burma);4;2017
Niger;1;2017
Nigeria;2;2017
Pakistan;2;2017
Philippines;3;2017
Russia (Soviet Union);1;2017
Somalia;1;2017
South Sudan;1;2017
Sudan;3;2017
Syria;2;2017
Thailand;1;2017
Turkey;2;2017
Uganda;1;2017
Ukraine;2;2017
United States of America;1;2017
Yemen (North Yemen);4;2017
;;
Total général;2434;
